target,source
3D,3D
3ds Max,3ds Max
3ds Max Design,3ds Max Design
A vantagem da Autodesk,The Autodesk Advantage
A360,A360
A360 Rendering,A360 Rendering
A360 Team,A360 Team
ABCP,ABCP
ação disciplinar,disciplinary action
ACE,ACE
aceleração,acceleration
aceleração por hardware,hardware acceleration
acesso à assinatura integrada ao produto,in-product subscription access
Acesso a dados do Fusion,Fusion Data Access
acesso de usuário único,single-user access
acesso multiusuário,multi-user access
acesso único,single sign-on
ACI,ACI
acordo de licença de software,Software License Agreement
Acordo de licença de software da Autodesk,Autodesk Software License Agreement
Active Directory,Active Directory
adaptador de rede,network adapter
adaptador de vídeo,video adapter
adaptador Ethernet,Ethernet adapter
adaptador gráfico,graphics adapter
ADI,ADI
Adicionar novo método de pagamento,Add new payment method
AdLM,AdLM
Administração de contratos,Contract Administration
Administrador de equipes,Team Administrator
Administrator do software,Contract Administrator
ADN,ADN
ADP,ADP
Advance Concrete,Advance Concrete
Advance Steel,Advance Steel
AEC,AEC
AEC Collection,AEC Collection
AECO,AECO
aeroespacial,aerospace
agendar uma chamada,schedule a call
agente de renderização,renderer
Agente de renderização de vetor,Vector Render
agente de suporte,support agent
agente de suporte da Autodesk,Autodesk support agent
agente de suporte sênior da Autodesk,senior Autodesk support agent
agente virtual,virtual agent
Ajuda da instalação,Installation Help
Ajuda da Instalação da Autodesk,Autodesk Installation Help
Ajuda de Login da Autodesk,Autodesk Sign In Help
Ajuda do Install Now,Install Now Help
Ajuda para instalação e licenciamento,Installation and Licensing Help
Ajuda Wiki,Wiki Help
ALC,ALC
Alias,Alias
Alias AutoStudio,Alias AutoStudio
Alias Concept,Alias Concept
Alias Design,Alias Design
Alias SpeedForm,Alias SpeedForm
Alias Surface,Alias Surface
alocação de créditos de nuvem,cloud credits allocation
Alta qualidade visual,High Visual Quality
alteração,amendment
Alteração de endereço ou nome da empresa,Company Address or Name Change
alternar,toggle
aluguel,rental
alvo i-drop,i-drop target
ambiente,environment
ambiente comum de dados,common data environment
ambiente de nuvem comercial,commercial cloud environment
ambiente de trabalho híbrido,hybrid environment
American Institute of Architects,American Institute of Architects
Analisador de arquivo de licença,License File Parser
Analisador de licença,License Parser
análise ad hoc,ad hoc analysis
Análise da Autodesk,Autodesk Analytics
análise de efeitos e modo de falha,failure mode and effects analysis
análise de emissão de carbono,carbon emission analysis
Análise de energia,Energy Analysis
Análise de eventos da Autodesk,Autodesk Event Analysis
Análise e projeto de drenagem integrados,Integrated Drainage Design & Analysis
análise modal,modal analysis
análise preliminar,preliminary analysis
Análises de clientes,Customer Reviews
âncora,anchor
Anexação tardia,Late Attach
ângulo,angle
animações de câmera,camera animation
antiboicote,anti-boycott
anticorrupção,anti-corruption
anunciar,advertise
Anúncios,Announcements
AOTC,AOTC
API,API
aplicação vertical,vertical application
aplicativo de terceiros,third-party application
Aplicativos de amostra,Sample Applications
App Store,App Store
AppFrame,AppFrame
APPID,APPID
Apple App Store,Apple App Store
"aquecimento, ventilação e condicionamento de ar","heating, ventilation and air conditioning"
aquisição,procurement
aquisição de dados,data acquisition
"Architecture, Engineering & Construction Collection","Architecture, Engineering & Construction Collection"
área de detenção,detention area
área de perda de alta pressão,high-pressure loss area
Área do cliente da Autodesk,Autodesk Customer Environment
Armazenamento conectado à rede,Network Attached Storage
armazenamento na nuvem,cloud storage
"Arquitetura, engenharia e construção","architecture, engineering and construction"
"Arquitetura, engenharia, construção e operações","Architecture, Engineering, Construction, and Operations"
arquivo central,central file
arquivo com compartilhamento de trabalho,workshared file
arquivo de diário,journal file
arquivo de forma,shape file
arquivo de forma de fonte,font shape file
arquivo de imagem master,master image file
arquivo em lote,batch file
arquivo executável,executable file
as edições/versões mais recentes,latest versions/releases
ASIs,ASIs
ASM,ASM
assédio ilegal,unlawful harassment
Assessoria de imprensa,Media Relations
assinante,subscriber
Assinar,Subscribe
assinatura,subscription
assinatura de um ano,1-year subscription
assinatura de usuário único,single-user subscription
assinatura SU,SU subscription
Assine agora,Subscribe Now
assistência para área de trabalho remota,remote desktop assistance
Assistente de ativação do produto,Product Activation Wizard
Assistente de instalação,installation wizard
Assistente de migração,Migration Assistant
Assistente Universal,Universal Assistant
associação de marcas,co-branding
Associação Europeia de Comércio Livre,European Free Trade Association
Associado Certificado,Certified Associate
atalho,shortcut
ATC,ATC
ATC Global Program Guide,ATC Global Program Guide
Atendimento ao cliente,Customer Care
ativador de objetos,object enabler
Ativar e registrar,Activate & Register
ativo intangível,intangible asset
ativo tangível,tangible asset
atrasar,lag
atualização de produtos,product upgrade
atualização do software,software upgrade
atualizações e melhorias incrementais,incremental product enhancement
atualizar,refresh
Atualize seu perfil,Update your profile
Atualize sua licença,Upgrade your license
Atualize-se!,Get Current
AU,AU
AU Virtual,AU Virtual
AUGI,AUGI
autenticação,authentication
autenticação multifator,multi-factor authentication
"Autenticação, autorização e contabilidade","Authentication, Authorization and Accounting"
Autoatendimento,Self-Service
AutoCAD,AutoCAD
AutoCAD 360,AutoCAD 360
AutoCAD Civil 3D,AutoCAD Civil 3D
AutoCAD Electrical,AutoCAD Electrical
AutoCAD for Mac,AutoCAD for Mac
AutoCAD Inventor LT Suite,AutoCAD Inventor LT Suite
AutoCAD LT,AutoCAD LT
AutoCAD LT for Mac,AutoCAD LT for Mac
AutoCAD Map 3D,AutoCAD Map 3D
AutoCAD Mechanical,AutoCAD Mechanical
AutoCAD OEM,AutoCAD OEM
AutoCAD original,genuine AutoCAD
AutoCAD P&ID,AutoCAD P&ID
AutoCAD Plant 3D,AutoCAD Plant 3D
AutoCAD Raster Design,AutoCAD Raster Design
AutoCAD Revit Architecture Suite,AutoCAD Revit Architecture Suite
AutoCAD Revit LT Suite,AutoCAD Revit LT Suite
Autocast,Autocast
AutoCorrect,AutoCorrect
Autodesk Advanced Support,Autodesk Advanced Support
Autodesk Animation Academy,Autodesk Animation Academy
Autodesk Asset Locator,Autodesk Asset Locator
Autodesk Backburner,Autodesk Backburner
Autodesk Basic Support,Autodesk Basic Support
Autodesk BIM Collaborate,Autodesk BIM Collaborate
Autodesk BIM Collaborate Pro,Autodesk BIM Collaborate Pro
Autodesk Business Center,Autodesk Business Center
Autodesk Clean Tech Partner Program,Autodesk Clean Tech Partner Program
Autodesk Cloud,Autodesk Cloud
Autodesk Construction Cloud,Autodesk Construction Cloud
Autodesk Construction Solutions,Autodesk Construction Solutions
Autodesk Consulting,Autodesk Consulting
Autodesk Consulting Media and Entertainment,Autodesk Consulting Media & Entertainment
Autodesk Content Service,Autodesk Content Service
Autodesk Customer Satisfaction Program,Autodesk Customer Satisfaction Program
Autodesk Design Academy,Autodesk Design Academy
Autodesk Design Collaboration,Autodesk Design Collaboration
Autodesk Design Package,Autodesk Design Package
Autodesk Developer Network,Autodesk Developer Network
Autodesk Developer Network Open,Autodesk Developer Network Open
Autodesk Docs,Autodesk Docs
Autodesk Drive,Autodesk Drive
Autodesk e a mídia,Autodesk in the News
Autodesk Education,Autodesk Education
Autodesk Education Community,Autodesk Education Community
Autodesk Education Suite para Arquitetura e Engenharia,Autodesk Education Suite for Architecture & Engineering
Autodesk Education Suite para Desenho Industrial,Autodesk Education Suite for Industrial Design
Autodesk Education Suite para Engenharia Civil e Estrutural,Autodesk Education Suite for Civil & Structural Engineering
Autodesk Education Suite para Engenharia Mecânica,Autodesk Education Suite for Mechanical Engineering
Autodesk Enterprise Priority Support,Autodesk Enterprise Priority Support
Autodesk Flex,Autodesk Flex
Autodesk Growth Marketing,Autodesk Growth Marketing
Autodesk iiko Experience,Autodesk iiko Experience
Autodesk Industry Careers Framework for Games and Animation,Autodesk Industry Careers Framework for Games and Animation
Autodesk Inventor Mentor,Autodesk Inventor Mentor
Autodesk IPv4 License Manager for Mac,Autodesk IPv4 License Manager for Mac
Autodesk IPv6 License Manager for Mac,Autodesk IPv6 License Manager for Mac
Autodesk Knowledge Network,Autodesk Knowledge Network
Autodesk Labs,Autodesk Labs
Autodesk Learning Central,Autodesk Learning Central
Autodesk License Manager,Autodesk License Manager
Autodesk Lightning Integrated Case Experience,Autodesk Lightning Integrated Case Experience
Autodesk Live,Autodesk Live
Autodesk Live Chat,Autodesk Live Chat
Autodesk Manufacturing Community Portal,Autodesk Manufacturing Community Portal
Autodesk Netfabb,Autodesk Netfabb
Autodesk Netfabb Premium,Autodesk Netfabb Premium
Autodesk Network License Manager,Autodesk Network License Manager
Autodesk Panorama,Autodesk Panorama
Autodesk Partner Portal,Autodesk Partner Portal
Autodesk Platform Services,Autodesk Platform Services
Autodesk Renovation and Retrofit Playbook,Autodesk Renovation and Retrofit Playbook
Autodesk Services Marketplace,Autodesk Services Marketplace
Autodesk Shape Manager,Autodesk Shape Manager
Autodesk Spark,Autodesk Spark
Autodesk Store,Autodesk Store
Autodesk Streamline,Autodesk Streamline
Autodesk Sync,Autodesk Sync
Autodesk Translation Framework,Autodesk Translation Framework
Autodesk University,Autodesk University
Autodesk University Virtual,Autodesk University Virtual
Autodesk User Group International,Autodesk User Group International
"Autodesk® Architecture, Engineering & Construction Collection","Autodesk® Architecture, Engineering & Construction Collection"
Autodesk® Media & Entertainment Collection,Autodesk® Media & Entertainment Collection
Autodesk® Product Design & Manufacturing Collection,Autodesk® Product Design & Manufacturing Collection
Autodesk® Product Design and Manufacturing Collection,Autodesk® Product Design and Manufacturing Collection
Autodesk® Product Design Collection,Autodesk® Product Design Collection
Autoridade de Números Atribuídos da Internet,Internet Assigned Numbers Authority
AVAR,AVAR
Aviso de privacidade da versão de avaliação do produto,Trial Product Privacy Notice
aviso de renovação,renewal notice
Avisos legais,Legal Notice
Avisos legais e marcas comerciais,Legal Notices & Trademarks
Backburner,Backburner
Background Reactor,Background Reactor
baixa resolução,low resolution
bandeja de status,status tray
bandeja do produto,product tray
bandeja do sistema,system tray
banner estático,static banner
banner estático ou em flash com marca,brandable static and flash banner
banner para web,web banner
banner retrátil,pull-up banner
barra de ferramentas de acesso rápido,Quick Access Toolbar
barra de ferramentas de navegação,navigation toolbar
barra lateral,sidebar
Base de conhecimento,Knowledge Base
Base de Dados de Conhecimento da Microsoft,Microsoft Knowledge Base
biblioteca de estilos,style library
Biblioteca de infraestrutura da tecnologia da informação,Information Technology Infrastructure Library
Biblioteca de materiais,Material Library
BIM,BIM
BIM 360,BIM 360
BIM 360 Ops,BIM 360 Ops
BIM360,BIM360
biomimética,biomimicry
bioplástico,bioplastics
Bitmap Pager,Bitmap Pager
Blackmagic UltraStudio Express,Blackmagic UltraStudio Express
bloco de múltiplas vistas,multi-view block
Bloco de notas,Notepad
bloco de texto,copy block
blog,blog
Blog BIM and Beam da Autodesk,Autodesk BIM and Beam Blog
bloqueador de pop-up,pop-up blocker
BlueSnap,BlueSnap
Boot Camp,Boot Camp
botão de divisão,split button
botão de opção,radio button
botão do meio do mouse,middle mouse button
BPT,BPT
Brainshark,Brainshark
BREP,BREP
B-rep,B-rep
Breve descrição da oferta do serviço,Service offering brief
brilho,brightness
brochura de produto,product brochure
b-roll,b-roll
brunidora de cilindros,honing machine
Building Industry Strategy & Relations,Building Industry Strategy & Relations
BuildingConnected,BuildingConnected
Busca de eventos,Events Lookup
bússola,compass
cabeçalho,header
cabo HDMI,HDMI cable
CAD,CAD
cadeia de suprimento de fabricação,manufacturing supply chain
cadeia de suprimentos,supply chain
cadeia de suprimentos automotivos,automotive supply chain
CAE,CAE
calculadora,calculator
CAM,CAM
caminho de adoção,adoption path
caminho de atualização,upgrade path
campanha de marketing,marketing campaign
canal alfa,alpha channel
Canal de Construção da Autodesk no YouTube,Autodesk Building YouTube Channel
canal de processamento,pipeline
caneta virtual,virtual pen
cápsula de controle,controller cap
carga de energia,energy load
carga de trabalho,workload
carregamento de recurso,resource loading
Carreiras,Careers
carrinho de compras,shopping basket
cartão postal de marketing,self-mailer
cartesiano,Cartesian
caso de suporte na web,web support case
Casos de uso,Use cases
CDF,CDF
CEC,CEC
cedente,transferor
cenário de ativação,activation scenario
Central de confiabilidade,Trust Center
Central de confiabilidade da Autodesk,Autodesk Trust Center
central do produto,product center
Centro de comunicações,Communication Center
Centro de Estudantes,Student Center
centro de excelência,center of excellence
Centro de Parceiro,Partner Center
Centro de projetos sustentáveis da Autodesk,Autodesk Sustainable Design Center
Centro de Recursos,Resource Center
Centro de Treinamento Autorizado Autodesk,Autodesk Authorized Training Center
Centro de treinamento autorizado da Autodesk,Autodesk Training Center
CEO,chief executive officer
Certificação Autodesk,Autodesk Certification
certificado de elegibilidade,entitlement certificate
cessionário,transferee
CFD,CFD
CFD Advanced,CFD Advanced
CFD Motion,CFD Motion
chamador designado,named caller
Character Generator,Character Generator
chave da licença,license key
chave do produto,product key
chave do registro,registry key
ciclo de vida digital do cliente,digital customer lifecycle
Ciclo de vida do cliente da Autodesk,Autodesk Customer Lifecycle
"ciência, tecnologia, engenharia e matemática","science, technology, engineering and math"
cinema e TV,film & TV
"cinema, jogos e televisão","film, games and television"
CIP,CIP
clean tech,clean tech
cliente com licença vencida,non-current customer
cliente com um plano de manutenção,customer with a maintenance plan
cliente do governo,government customer
cliente do plano de manutenção,maintenance plan customer
cliente do setor educacional,Education customer
cliente em potencial qualificado,marketing qualified lead
Clientes em destaque,Customer Showcase
Clipe sobre ferramentas,ToolClip
cobrança recorrente,recurring billing
codec,codec
Codificação das Normas Contábeis,Accounting Standards Codification
código de ativação,activation code
código de erro,error code
código do pacote,package code
código do recurso,feature code
código do voucher,voucher code
código mal-intencionado,malicious code
coeficiente de desempenho,coefficient of performance
coeficiente de difusão,diffusion coefficient
coeficiente de filme,film coefficient
Colaborador do projeto,Project Contributor
coleção de fotos,photo collection
Collaboration For Revit,Collaboration For Revit
comércio eletrônico como serviço,eCommerce as a service
Commercial New,Commercial New
companhia de serviços energéticos,energy service company
Comparar,Compare
Comparativo de recursos,Feature Comparison
comparativo lado a lado de recursos,side-by-side feature comparison
Competição de Design Autodesk FLUX,Autodesk FLUX Design Competition
Competitive Intelligence,Competitive Intelligence
Componente compartilhado da Autodesk,Autodesk Shared Component
componente construtivo,building component
componentes pré-moldados,precast component
comportamento ético,ethical behavior
comportamento inesperado,unexpected behavior
Comportamentos da licença,License Behaviors
Comprar,Buy
Comprar on-line,Buy Online
computador principal,master computer
comunicado de imprensa,press release
comunidade de práticas,community of practice
Comunidades dos usuários,User Communities
côncavo,concave
concepção de pacotes,packaging design
concessão de licenças,license borrowing
conexão de dados,data fitting
Conferências anuais da Autodesk,Autodesk DevDays Conference
confidencialidade,confidentiality
configuração lado a lado,side-by-side configuration
configurações de cobrança,billing settings
conflito de interesses,conflict of interest
conformidade de licenças,license compliance
conformidade sísmica,seismic conformance
conjunto de ferramentas,toolset
conjunto de recursos,feature set
consentimento do responsável,guardian consent
construção enxuta,lean construction
construção solar passiva,passive solar construction
consulta,inquiry
consulta de ordem,order lookup
consultor,consultant
consumível,consumable
consumo,consumption
consumo de licença,license consumption
conta estratégica,strategic account
conta nomeada,named account
conta principal,major account
contabilidade de receitas,revenue accounting
conteúdo gerado pela comunidade,community-generated content
contratados,contractor
contrato ativo,active contract
Contrato com ATCs,ATC Agreement
contrato de assinatura multianual,multi-year subscription contract
contrato de confidencialidade,non-disclosure agreement
contrato de desempenho de economia de energia,energy savings performance contract
Contrato de Distribuidor da Autodesk,Autodesk Distributor Agreement
contrato de licença,license agreement
Contrato de Licença de Usuário Final da App Store,app store end user license agreement
Contrato de licença e serviços,License and Services Agreement
Contrato de nível de serviço,Service Level Agreement
contrato de pesquisa com clientes,customer research agreement
Contrato de produtos de pré-lançamento,Pre-Release Products Agreement
Contrato de Revendedor de Valor Agregado Autodesk,Autodesk Value Added Reseller Agreement
contrato do plano de manutenção,maintenance plan contract
Contrato do Suporte,Support Agreement
contrato principal de serviços,master services agreement
contribuição política,political contribution
controle de acesso de mídia,Media Access Control
controle de edição de valor real,real value edit control
controle de segurança,security control
controle explícito,explicit control
controle flexível,flexible control
convecção natural,natural convection
Convenção de Nomeação Uniforme,Uniform Naming Convention
Convenção Universal de Nomenclatura,Universal Naming Convention
conversão de endereços de rede,network address translation
conversão de raster em vetor,raster to vector conversion
conversão de vetor em raster,raster-to-vector conversion
coordenação multidisciplinar,multidiscipline coordination
coordenadas locais,local coordinates
Coordenador de software,software coordinator
copy deck,copy deck
cor ambiente,ambient color
correção ortográfica,spell-checking
corrompimento de arquivo,file corruption
CPM,CPM
Creative Commons,Creative Commons
Creative Commons da Autodesk,Autodesk Creative Commons
credenciais de login,login credentials
crédito de educação continuada,continuing education credit
créditos de nuvem,cloud credits
criação de desenhos ortogonais,orthographic drawing
criação de entretenimento digital,digital entertainment creation
criador,maker
criador de jogos independente,Indie game maker
Criadores e projetistas independentes,Makers & indie designers
criptografia,encryption
CRM,CRM
CSAT,CSAT
CSI,CSI
CTA,CTA
CTB,CTB
CTO,CTO
cubo,cuboid
cumprimento da lei,law enforcement
Currículo da Autodesk para projeto sustentável,Sustainable Design Curriculum
Currículo de alfabetização verde e projeto arquitetônico (GLAD),Green Literacy and Architectural Design Curriculum
"Currículo de BIM Autodesk® para Arquitetura, Engenharia e Gerenciamento de Construções","Autodesk BIM for Architecture, Engineering and Construction Management Curriculum"
Currículo de BIM para Engenharia Estrutural,BIM for Structural Engineering Curriculum
Currículo de Projeto Conceitual,Conceptual Design Curriculum
Currículo de projeto e tecnologia ambiental,Environmental Design and Technology Curriculum
Currículo educacional complementar do curso de noções básicas de arquitetura,Fundamentals of Architectural Science Supplement Curriculum
Currículo Educacional da Autodesk,Autodesk Education Curriculum
Currículo educacional de ciência e matemática,Science and Math Curriculum
Currículo educacional do Autodesk Inventor,Inventor Education Curriculum
currículo educacional do curso com noções básicas da criação de projetos,Design Basics Curriculum
Currículo educacional do curso de pré-arquitetura,Pre-Architecture Curriculum
Currículo para Engenharia Civil,Civil Engineering Curriculum
Currículo VEX Robotics da Autodesk,Robotics Curriculum
currículos educacionais,Curricula
cursor do mouse,mouse cursor
custo total de propriedade,total cost of ownership
CVC,CVC
D&M,D&M
D&MwA,D&MwA
dados de engenharia,engineering data
dados pessoais,personal data
daemon,daemon
DAM,DAM
data center,data center
data de lançamento,release date
data de renovação da assinatura,subscription renewal date
data de renovação do contrato,contract renewal date
datastep individual,single datastep
DCS,DCS
declaração,statement
Declaração de privacidade,Privacy Statement
Declaração de privacidade da Autodesk,Autodesk Privacy Statement
defesa,defense
deflexão radial,radial deflection
defun,defun
demonstração de recursos,feature demonstration
Demonstrações de recursos,Feature Demos
densidade da malha,mesh density
depoimento,testimonial
depósito de arquivos,file vaulting
desagrupar,ungroup
descontinuação de software,software retirement
desconto,rebate
desconto de contas principais,major account discount
desconto enviado pelo correio,mail-in rebate
descrição de cena universal,universal scene description
descrição de produto persistente,persistent product description
descrição do produto,product description
desenhista,drafter
desenho isométrico,isometric drawing
desenvolvimento de canais,channel development
Desenvolvimento de negócios,Business Development
desenvolvimento do produto,product development
desfazer,undo
Design Academy,Design Academy
Design Collaboration,Design Collaboration
Design de experiência do usuário voltado ao conteúdo,Content Experience Design
design generativo,generative design
Design Process Review,Design Process Review
designação de camada,tier designation
designer de caracteres,character designer
Designers Accord,Designers Accord
Destaques,Highlights
detalhador,detailer
Detalhes do produto,Product Details
detentor de licença,license holder
Developer Advocacy and Support,Developer Advocacy and Support
Dias de prototipagem digital,Digital Prototyping Days
dica de ferramenta básica,basic tooltip
dica de ferramentas de objetos,object rollover tooltip
Dicas e truques,Tips and Tricks
Dicas para a avaliação,Trial tips
Digital HIG,digital HIG
Digital Manufacturing Group,Digital Manufacturing Group
direito de utilização do software,software usage right
direitos de licenciamento flexíveis,flexible licensing rights
Direitos de uso de versão anterior,Previous Version Rights
Direitos de uso doméstico,Home Use Rights
Direitos de uso global em viagem,Global Travel Rights
direitos fora do território,Extra Territory Rights
Diretor de marketing,Marketing Director
diretor de pesquisa estratégica,director of strategic research
diretor do departamento jurídico,chief legal officer
Diretor executivo de educação,Chief Education Officer
Diretor executivo técnico,Chief Technical Officer
diretor financeiro,chief financial officer
diretório de instalação,installation directory
diretório raiz,root directory
Diretrizes para Channel Branding Autodesk,Autodesk Channel Branding Guidelines
disco de armazenamento de mídia,media storage disk
discussão,design charrette
dispositivo apontador,pointing device
distribuição de software,software distribution
distribuição eletrônica de software,electronic software distribution
Distribuidor de valor agregado,Value Added Distributor
Divisão de soluções de infraestrutura,Infrastructure Solutions Division
Divisão de soluções de manufatura,Manufacturing Solutions Division
Divisão de tecnologia de plataforma,Platform Technology Division
documentação,documentation
documentação da construção,construction documentation
documentação do modelo,model documentation
download eletrônico,electronic download
Downloads de idioma,Language Downloads
DPR,DPR
driver de placa gráfica,graphics card driver
driver de vídeo,video driver
driver do mouse,mouse driver
Dropbox,Dropbox
duto,duct
DVAR,DVAR
DVI,DVI
DWG Extreme,DWG Extreme
DWGX,DWGX
Dynamic Switchable Graphics,Dynamic Switchable Graphics
Eagle,Eagle
ECaaS,ECaaS
Editor de blocos no local,In-Place Block Editor
editor de cena,scene editor
editor de texto,text editor
Editor do Registro,Registry Editor
EDT,EDT
educador,educator
Education Community,Education Community
efeitos borbulhantes,blobby effect
eficiência energética,energy efficiency
elegível,qualifying
e-mail de atendimento do pedido,order fulfillment email
embargo,embargo
EMC Tier 5 system,EMC Tier 5 system
empreiteiro independente,independent contractor
empreiteiro no local,onsite contractor
empresa de projeto,design firm
EMS,EMS
endereço de entrega,shipping address
energia renovável,renewable energy
Energy Star,Energy Star
eNewsletter,eNewsletter
engenharia civil,building engineering
engenharia de pré-detalhamento de projeto,front-end engineering design
engenharia de valor,value engineering
engenharia estrutural,structural engineering
engenharia mecânica,mechanical engineering
engenheiro,engineer
engenheiro de aplicativo,Application Engineer
engenheiro estrutural,structural engineer
engenheiro MEP,MEP engineer
enriquecimento de dados,data enrichment
Enterprise Business Agreement,Enterprise Business Agreement
Enterprise Flex,Enterprise Flex
Enterprise Priority Support,Enterprise Priority Support
entidade governamental,government entity
entidade legal,legal entity
entrar,sign in
Entrega de projetos integrados,integrated project delivery
envio em caixas,boxed shipment
envio físico,physical shipment
equipamentos de construção,building equipment
Equipe da Autodesk Manufacturing,Autodesk Manufacturing Team
Equipe de Canal Autodesk,Autodesk Channel Team
Equipe de Certificação,Certification Team
equipe de conformidade de licença da Autodesk,Autodesk License Compliance Team
Equipe de Experiência do Cliente Autodesk,Autodesk Customer Experience Team
equipe de relacionamento com clientes,Client Relations Team
Equipe interna de vendas da Autodesk,Autodesk Inside Sales Team
Equipe principal de XR,XR Core Team
erro de licenciamento,licensing error
erro fatal,fatal error
esboço conceitual,concept sketch
escala de medição,measurement scale
escala de unidades,unit scaling
ESCO,ESCO
ESD,ESD
espaço de coordenadas,coordinate space
espaço de trabalho comum,common workspace
espaço do fornecedor,publisher corner
ESPC,ESPC
especialista em suporte de produtos,product support specialist
especialista em visualização,visualization specialist
Especialização em visualização e projetos industriais,Industrial Design and Visualization Specialization
Especializações de parceiros da Autodesk,Autodesk Partner Specializations
espessura de linha,lineweight
espuma estrutural,structural foam
estação de trabalho,workstation
estande,pop-up booth
estilo de plotagem,plot style
estilo de texto,text style
estratégia de automação de projeto,design automation strategy
estudo de caso,case study
estudo de convergência de malha,mesh convergence study
estudo de impacto ambiental,environmental impact statement
estudo de produtividade,productivity study
Estudos de caso,Case studies
ética comercial,business ethics
ETO,ETO
EUI,EUI
Event Publisher,Event Publisher
evento de lançamento,launch event
evento de parceiros,partner event
exame de certificação,certification exam
Excelência profissional da Autodesk,Autodesk Professional Excellence
Exibir casos de suporte,View Support Cases
experiência comum de dados,common data experience
Experiência comum de dados do Fusion,Fusion common data experience
Experiência digital e capacitação do cliente,Digital Experience and Customer Empowerment
Experiência educacional da Autodesk,Autodesk Education Experience
Experimente ou assine,Try or Subscribe
Extensões do produto,product extension
extração do arquivo,file extraction
extremidade fechada,closed end
fábrica com equipamentos de preenchimento,filling plant
fabricação,fabrication
fabricação aditiva,additive manufacturing
fabricante de produtos para construção,building products manufacturer
fabricantes de produtos de consumo,consumer product manufacturer
Faça um orçamento agora,Quote Me Now
Facebook,Facebook
faixa de opções,ribbon
faixa de opções horizontal,horizontal ribbon
faixa de opções vertical,vertical ribbon
falha de comunicação,communication failure
família,family
família de produtos,product family
farm de renderização,render farm
fator de escala,scale factor
fator de zoom,zoom factor
FBIK,FBIK
FCS,FCS
FeatureCAM,FeatureCAM
FEED,FEED
feed de atividades,activity feed
feriados,holidays
ferramenta de autoajuda,self help tool
ferramenta de desinstalação,uninstall tool
Ferramenta de desinstalação da Autodesk,Autodesk uninstall tool
Ferramenta de desinstalação rápida,Quick Uninstall Tool
ferramenta de distribuição na Web,web syndication tool
ferramenta de gerenciamento da licença,license management tool
ferramenta de medição,measuring tool
ferramenta de migração,migration tool
Ferramenta de planejamento de negócios,Business Planning Tool
ferramenta de suporte à decisão,decision support tool
Ferramentas administrativas,Administrative Tools
ferramentas de gerenciamento de dados da Autodesk,Autodesk data management tools
ferramentas de vendas,sales tool
Ferramentas que causam impacto,Tools That Make An Impact
fidelidade,fidelity
filme promocional,show reel
finais de semana,weekends
finalidade comercial,business purpose
finalizar,terminate
financiamento,financing
firmware,firmware
flange,flange
"flexibilidade, personalizável segundo a necessidade, escalabilidade","flexibility, customizable based on need, scalability"
FLEXnet Publisher,FLEXnet Publisher
Flickr,Flickr
fluxo de trabalho,workflow
Fluxos de trabalho,Workflows
Fluxos de trabalho e casos de uso,Workflows & use cases
FoMT,FoMT
forma orgânica,organic form
Formação e treinamento da Autodesk,Autodesk Learning and Education
Formação oficial da Autodesk,Autodesk Official Training Courseware
FormIt,FormIt
Formulário de contato da ajuda para fazer login,Sign-in Help Contact Form
Formulário de inscrição no site do ATC e do plano de negócios,ATC Site Enrolment and Business Plan Form
fornecedor,provider
fornecedor de licença,license supplier
fornecedor de software,software vendor
fornecedor de treinamento independente,independent training provider
fornecedores de software independentes,independent software vendor
Fornecedores de soluções especiais da Autodesk,Autodesk Premier Solutions Provider
Fórum Autodesk Digital Prototyping,Autodesk Digital Prototyping Forum
fórum de discussão,discussion forum
Fóruns da Autodesk,Autodesk forum
foto do rosto,headshot
fps,fps
Frame Analysis,Frame Analysis
frequência natural,natural frequency
Fundo de desenvolvimento de canais,Channel Development Fund
Fundo de desenvolvimento de vendas,Sales Development Fund
Fundo de desenvolvimento de vendas da Autodesk,Autodesk Sales Development Fund
Fusion,Fusion
Fusion 360,Fusion 360
Galeria,gallery
Galeria Autodesk,Autodesk Gallery
Galeria do cliente,Customer Gallery
garantir preços,secure pricing
geoespacial,geospatial
Geórgia,Georgia
geotécnico,geotechnical
GEP,GEP
geração de demanda,demand generation
geração de energia,energy generation
Gerador de estruturas,Frame Generator
Gerador de forma,Shape Generator
geradora de engrenagem com fresa,hobbing machine
gerenciador de dados de fabricação,fabrication data manager
Gerenciador de Download Autodesk,Autodesk Download Manager
Gerenciador de estilos de cota,Dimension Style Manager
gerenciador de licenças,license manager
gerenciador de licenças único,Single License Manager
Gerenciador de perfil,Profile Manager
Gerenciador de recuperação de desenho,Drawing Recovery Manager
Gerenciador de tarefas,Task Manager
Gerenciador de tarefas do Windows,Windows Task Manager
gerenciamento de construções,construction management
Gerenciamento de conta,Account Management
Gerenciamento de dados de produto,Product Data Management
Gerenciamento de dados do trabalho em processo,Work In Process Data Management
gerenciamento de licença,license management
gerenciamento de oportunidades,opportunity management
gerenciamento de processos,process management
gerenciamento de recursos de software,software asset management
Gerenciamento de recursos digitais,Digital Asset Management
gerenciamento de versões,release management
Gerenciamento do canal,Channel Management
gerenciamento do ciclo de vida do produto,product lifecycle management
gerenciamento em campo,field management
Gerenciar plano de renovação automática,Manage Auto-Renewal Plan
Gerente de Canal de Vendas Autodesk,Autodesk Channel Sales Manager
Gerente de Contas do Suporte,Support Account Manager
Gerente de contratos,Contract Manager
Gerente de licenças CLIC,CLIC license manager
Gerente de marketing do país,Country Marketing Manager
Gerente de marketing técnico,Technical Marketing Manager
gerente de obras,construction manager
Gerente de parceiro Autodesk,Autodesk Partner Manager
Gerente de serviços técnicos,Technical Services Manager
Gerente de vendas do país,Country Sales Manager
gestão de fundos,fund management
gestão de instalações,facilities management
Gestão de relacionamento com o cliente,customer relationship management
gestos multi-touch,multi-touch gestures
GF,GF
GIS,GIS
Gnosis,Gnosis
Google Earth,Google Earth
Google Play,Google Play
GPU,GPU
gráfico de compatibilidade,compatibility chart
gráfico de marcas registradas,tradegraph
gráfico híbrido,hybrid graphics
gravidade dos dados,data gravity
gray-boxing,gray-boxing
Green Building Studio,Green Building Studio
grosso,coarse
Growth Funds,Growth Funds
grupo de discussão,discussion group
guia abrangente do exame,comprehensive exam guide
guia contextual,contextual tab
guia contextual da faixa de opções,ribbon contextual tab
Guia de Pré-visualização,Preview Guide
Guia de Vantagens do Parceiro,Partner Advantage Program Guide
Guia de Vendas,Sales Playbook
guia do instrutor,instructor guide
guia do pontocom,dotcom guidance
Guias Oficiais de Treinamento da Autodesk,Autodesk Official Training Guides
"Guide to Sustainable Design for Architecture, Engineering, and Construction","Guide to Sustainable Design for Architecture, Engineering, and Construction"
hachura gradiente,gradient hatch
Halley,Halley
hardware certificado,certified hardware
hardware gráfico,graphics hardware
hashtag,hashtag
HDRI,HDRI
Heads-up Design,Heads-up Design
Health Dashboard,Health Dashboard
Help Desk do Centro de Parceiro,Partner Center Helpdesk
Hero Image,hero image
Histórias de clientes,Customer Stories
Histórias de sucesso de clientes,Customer Success Stories
HLSL,HLSL
Home Premium,Home Premium
Horário Comercial Local,Local Business Hours
Horário Estendido de Suporte,Extended Support Hours
Hot Fix,Hot Fix
Hotfix,Hotfix
HSM,HSM
HSMWorks,HSMWorks
HSMWorks for SOLIDWORKS,HSMWorks for SOLIDWORKS
hub,hub
hub de comunicação,communication hub
Hub do valor para o cliente,Customer Value Hub
Hypershade,Hypershade
hyperthread,hyperthreading
IaaS,IaaS
IANA,IANA
IAQ,IAQ
IC,IC
ícone do sistema de eixos ortogonais,axis tripod icon
ID Autodesk,Autodesk ID
ID de contato,contact ID
ID de serviço expresso,Express Service ID
ID do aplicativo,application ID
ID do caso,case ID
ideia do projeto,design intent
identidade de rede,network identity
identificador de modelo,model identifier
identificador de pesquisa,search tag
idiomas disponíveis,Available languages
i-drop,i-drop
i-drop Enhancer,i-drop Enhancer
IFC,IFC
Iluminância avançada,Advanced Illuminance
imagem cortesia de,Image courtesy of
imagem de grande alcance dinâmico,high dynamic range imaging
imagem de implantação de rede,network deployment image
imagem na tela e legenda,screen image
imagem raster,raster image
imagens,imagery
Imagine design create,Imagine design create
imóveis,real estate
implantação,deployment
implantação de pacote de idioma,language pack deployment
implementação do licenciamento com base em pedidos de serviços de consultoria,consulting service order licensing implementation
implementar,deploy
impressão 3D,3D printing
impressora 3D,3D printer
incidente,incident
independente,out-of-process
indicador de valor,value prompter
indicador i-drop,i-drop Indicator
indicador principal de desempenho,key performance indicator
índices de novas assinaturas,attach rate
Industry Foundation Classes,Industry Foundation Classes
InfoCenter,InfoCenter
Informações,Insights
Informações do Produto,Product Information
informações não classificadas controladas,controlled unclassified information
Informações relacionadas,Related Information
informações valiosas,valuable insights
InfraWorks 360,InfraWorks 360
InfraWorks 360 LT,InfraWorks 360 LT
inovação em projetos,design innovation
inovador em tecnologia limpa,clean technology innovator
Inscreva-se agora,Register now
inscrever-se,sign up
Inscrever-se no e-mail,Sign up for email
instalação em rede,network deployment
instalação silenciosa,silent installation
instituição educacional,educational institution
instrução passo a passo,step-by-step instruction
Instruções arquitetônicas complementais,Architectural Supplemental Instructions
Instructables,Instructables
Instrutor certificado pela Autodesk,Autodesk Certified Instructor
instrutor profissional,professional instructor
integração,onboarding
integração de GIS,GIS integration
integrador de sistemas,systems integrator
integridade,integrity
intensidade de uso de energia,energy use intensity
Interface de programação de aplicativos,Application Programming Interface
interface de usuário consistente de materiais,consistent materials user interface
Interface visual digital,digital visual interface
International Organization for Standardization,International Organization for Standardization
Internet,Internet
Internet das coisas,Internet of things
interoperabilidade,interoperability
Introdução a produto novo,New Product Introduction
Inventor,Inventor
Inventor LT,Inventor LT
Inventor LT Suite,Inventor LT Suite
Inventor Professional,Inventor Professional
IPD,IPD
ISV,ISV
IVAR,IVAR
janela flutuante,floating window
Janela inicial da Autodesk,Autodesk LaunchPad
JIT,JIT
just-in-time,Just-In-Time
KB aprimorado,Enhanced KB
Kit de boas-vindas,Welcome Kit
kit de desenvolvimento de software,software development kit
kit de ferramentas,toolkit
kit de ferramentas de vendas,sales toolkit
Kit de ferramentas do Autodesk Meshmixer,Autodesk Meshmixer Toolkit
Knowledge Network,Knowledge Network
KPI,KPI
lançamento global de produtos,global product launch
largura de banda de rede,network bandwidth
layout de fábrica,factory layout
LCA,LCA
LEED,LEED
licença com prazo de validade,term license
licença com vários assentos,multi-seat license
licença comercial,commercial license
licença comercial para todo o sistema,full system commercial
licença Creative Commons da Autodesk,Autodesk Creative Commons license
licença de rede,network license
licença de software Autodesk,Autodesk software license
licença de uso doméstico,Home Use license
licença de usuário único,single-user license
licença individual com vários assentos,multi-seat stand-alone license
licença multiusuário,multi-user license
licença permanente,perpetual license
licença principal,primary license
licença vencida,non-current license
Licenciamento de rede,Network Licensing
licenciamento em cascata,cascade licensing
licenciamento flexível,scalable licensing
licenciamento multiusuário,multi-user licensing
licenciamento na nuvem,cloud licensing
Licenciamento para uma sessão específica,Session Specific Licensing
licenciamento permanente,perpetual licensing
Lidere o caminho,Lead the Way
Lightweight Directory Access Protocol,Lightweight Directory Access Protocol
Limite de ativações atingido,Activation Limit Reached
limite de recorte,clipping boundary
limpar,purge
limpar desinstalação,clean uninstall
limpar instalação,clean install
limpar remoção,clean removal
linearidade,linearity
linguagem de marcação de declaração de segurança,security assertion markup language
linguagem de sombreamento de alto nível,high-level shader language
linha de produto,product line
linha do recurso,feature line
Links relacionados,Related Links
Lista de elegibilidade para versão anterior,Previous Version Eligibility List
lista de folhas,sheet list
Lista de produtos elegíveis,Eligible Product List
Lista de produtos elegíveis à migração do plano de manutenção para assinatura,Maintenance to Subscription Eligibility List
Lista de produtos elegíveis à migração entre assinaturas,Subscription to Subscription Eligibility List
Lista de produtos elegíveis ao uso doméstico,Home Use Eligible Product List
Lista de produtos válidos para direitos de uso de versão anterior,Previous Version Eligible Product List
lista de tarefas,To-Do List
listas de preços MJA,MJA price lists
Lixeira,trash
Localizador de ATC,ATC Locator
Localizador de ferramentas de vendas e marketing,Sales & Marketing Tools Finder
Localizador de licença,License Finder
Localizador de parceiros,Partner Locator
Localizar um freelancer,Find a Freelancer
Localizar um revendedor,Find a Reseller
Localizar um revendedor para governo,Find a Government Reseller
logo,logo
logotipo,logotype
logotipo de certificado pela Autodesk,Autodesk Certified logo
Loja on-line da Autodesk,Autodesk Online Store
loop de leitura-avaliação-impressão,read-eval-print loop
LSA,LSA
LTU,LTU
M&E Collection,M&E Collection
MAC,MAC
Mac App Store,Mac App Store
maior acesso,greater access
Mais é menos,Less is more
Mais recente,Most Recent
Manual de Estratégias de Engenharia de Construção da Autodesk,Autodesk Building Engineering Playbook
manufatura de processos,process manufacturing
mapa dinâmico,Live Map
mapa do site,site map
mapeamento de textura,texture mapping
mapeamento deslocamento,displacement mapping
máquina virtual,virtual machine
maquinário industrial,industrial machinery
marca d'água,watermark
marca de plotagem educacional,educational plot stamp
marca registrada,registered trademark
marketing,marketing
marketing de campo,field marketing
marketing de mecanismo de segurança,search engine marketing
Master Boot Record,Master Boot Record
MasterClasses Autodesk,Autodesk MasterClasses
materiais de aprendizado,Learning Materials
matriz,array
matriz de compatibilidade,compatibility matrix
matriz de elegibilidade,eligibility matrix
matriz de funcionalidade,functionality matrix
Maya,Maya
Maya LT,Maya LT
MBR,MBR
McAfee ePolicy Orchestrator,McAfee ePolicy Orchestrator
MDF,MDF
Media & Entertainment Collection,Media & Entertainment Collection
Medição do uso,Metering Usage
melhorias no produto,product enhancement
Membro da equipe,Team Member
membro docente,faculty member
memória de acesso aleatório,random access memory
mensagem de confirmação de pedido,order confirmation email message
Mensagem principal,Key Message
mentor,mentor
método de download,download method
método de download pelo navegador,Browser Download method
método Faça o Download Agora,Download Now method
método Instalar agora,Install Now method
Metodologia de valor comercial da Autodesk,Autodesk Business Value Methodology
Métodos de distribuição alternativos,Alternative Distribution Methods
métodos de incentivo à participação em eventos,event toolkit
Meu Perfil,My Profile
Meu primeiro plug-in,My First Plug-In
Meus Produtos,My Products
MFG,MFG
mídia física,physical media
Mídia social,Social Media
migração de assinaturas,switching subscriptions
migrar do plano de manutenção para assinatura,switch from maintenance to subscription
Minha conta,My Account
Minhas informações,My Insights
MIR,MIR
modelagem de ameaças,threat modeling
Modelagem de informação da construção,Building Information Modeling
modelagem de sólidos em nuvem,cloud solid modeling
modelagem digital,digital modeling
Modelo de informações de AEC,AEC Information Model
modelo de informações de construção,building information model
modelo de informações de mídia,media information model
Modelo de informações do produto,Product Information Model
modelo de servidor de licença,license server model
modelo de servidor de licença redundante,redundant license server model
modelo e anotação de processos comerciais,business process model and notation
modelo setorial,sector model
Moderador do projeto,Project Moderator
modernização para energia,energy retrofit
modo de avaliação,trial mode
modo de rascunho,draft mode
modo seguro,safe mode
modo silencioso,silent mode
módulo de cisalhamento,shear modulus
módulo de software,software module
Moldagem por injeção do Fusion,Fusion Injection Molding
Monitor de atividade,Activity Monitor
Monitoramento sintético do Fusion,Fusion synthetic monitoring
monitorar,monitor
monocromático,monochrome
montagem,assembly
Mountain Lion,Mountain Lion
mouse de três botões,three-button mouse
MQL,MQL
MSA,MSA
MSRP,MSRP
Mudanças nas licenças permanentes,Perpetual Licensing Changes
MUI,MUI
multianual,multi-year
Multi-Flex,Multi-Flex
multiusuário,multi-user
Não destinado à revenda,Not for Resale
não tratado,unhandled
NAS,NAS
Nastran,Nastran
Nastran In-CAD,Nastran In-CAD
navegador da Web,web browser
Navegador de catálogo elétrico,Electrical Catalog Browser
navegador de mapas,Map Explorer
Navegador de mídia,Media Browser
navegador de modelo,model browser
Navegador de projeto,Project Navigator
Navisworks,Navisworks
Navisworks Exporters,Navisworks Exporters
Navisworks Freedom,Navisworks Freedom
Navisworks Manage,Navisworks Manage
Navisworks Simulate,Navisworks Simulate
NDA,NDA
Net Promoter Score,Net Promoter Score
Netfabb,Netfabb
Netfabb Premium,Netfabb Premium
Netfabb Standard,Netfabb Standard
Netfabb Ultimate,Netfabb Ultimate
Network License Manager,Network License Manager
Network License Reporting Service,Network License Reporting Service
NextGen Autodesk Desktop Application,NextGen Autodesk Desktop Application
NFR,NFR
NIC,NIC
nível de detalhe,level of detail
nível de severidade,severity level
nível de zoom,zoom level
nível do contrato,contract level
NLM,NLM
North Star,North Star
Nossa história,Our Story
Nota técnica sobre desempenho de modelo,Model Performance Technical Note
Notas de versão,Release Notes
Notícias,Newsroom
Notícias do setor,Industry News
nova imagem dos computadores,re-imaged computer
"novas versões, os mais recentes softwares/aprimoramentos","new releases, latest software/enhancements"
Novidades técnicas,Technical What's New
Novo modelo de negócios para o setor de educação,New Education Business Model
NPI,NPI
NPS,NPS
numeração de itens,item numbering
número da linha,line number
número de série,serial number
número de solicitação de serviço,service request number
número do contrato da assinatura,subscription contract number
nuvem de pontos,point cloud
nuvem privada virtual,virtual private cloud
O guia profissional da Modelagem de Informações da Construção (BIM),The professional guide to Building Information Modelling (BIM)
Objection Handling Guide,Objection Handling Guide
obrigação,liability
Obtenha mais em uma suíte,Get more in a suite
oclusão de ambiente,ambient occlusion
oferta de Mudança para Assinatura,Move to Subscription offer
oferta especial de mudança para assinatura,special offer to move to subscription
oferta por tempo limitado,limited time offer
ofertas de assinatura,subscription offering
One Team 360,One Team 360
One Team Conference,One Team Conference
Opções de compra,Purchase Options
organizar em cascata,cascade
órgão governamental,governmental agency
origem de conteúdo,content source
Os principais recursos incluem,Core features include
OTC,OTC
otimização de mecanismo de segurança,search engine optimization
PaaS,PaaS
Pacote de materiais de marketing do BIM,BIM Knowledge Package
pacote de software,software package
pacote indivisível,hard bundle
padrão,boilerplate
Padrões de nuvem da Autodesk,Autodesk Cloud Standards
pagamento conforme o uso,pay as you go
painel,pane
Painel de integridade da Autodesk,Autodesk Health Dashboard
Painel de integridade do produto,Product Health Dashboard
painel de integridade dos negócios,health of business dashboard
painel deslizante,slideout panel
painel permanente,sticky panel
para fins lucrativos,for-profit purposes
paramétrico,parametric
parceiro acadêmico autorizado,authorized academic partner
Parceiro acadêmico autorizado Autodesk,Autodesk Authorized Academic Partner
parceiro autorizado,authorized partner
parceiro de canal,channel partner
parceiro de desenvolvimento,development partner
parceiro direto,direct partner
parceiro estratégico,strategic partner
parceiro indireto,indirect partner
Parceiros Gold Autodesk,Autodesk Gold partner
Parceiros Platinum Autodesk,Autodesk Platinum partner
Parceiros Silver Autodesk,Autodesk Silver partner
Path to Volume,Path to Volume
Patrocínios,Sponsorships
PDF interativo,interactive PDF
PDM,PDM
peça cavernosa,cavernous part
pegada de carbono da Autodesk,Autodesk carbon footprint
penalidade,penalty
perda principal,head loss
perfil vazio,hollow profile
perguntas de sondagem,anxiety question
Perguntas e respostas,Questions and Answers
Perguntas frequentes sobre a ativação do produto,Product Activation FAQ
Perguntas frequentes sobre gerenciamento de usuários,User Management FAQ
Pergunte à Autodesk,Ask Autodesk
período de avaliação,trial period
período estendido,extended period
período ocioso,idle period
Permissões de pasta do Fusion,Fusion Folder Permissions
Permissões de visualização do revendedor,Reseller View Permission
personagens do usuário,user persona
personalização em massa,mass customization
Pesquisa de emprego,Job Search
pesquisa paga,paid search
petróleo e gás,oil & gas
Phoenix,Phoenix
Photo on ReCap 360,Photo on ReCap 360
placa de interface de rede,network interface card
placa de rede,network card
placa gráfica secundária,secondary graphics card
placa-mãe,motherboard
planejamento de infraestrutura,infrastructure planning
planejamento de recursos para empresas,enterprise resource planning
planejamento urbano,urban planning
plano de aluguel,rental plan
plano de corte,cut plane
Plano de execução empresarial do BIM,BIM Enterprise Execution Plan
plano de licença de locação de software,software rental license plan
plano de locação ativo,active rental plan
plano de manutenção,maintenance plan
plano de negócios,business plan
plano de recorte,clip plane
Plano Preferencial Plus,Preferred Plus Plan
Plano profissional,Professional Plan
Plataforma de aprendizado de máquina da Autodesk,Autodesk Machine Learning Platform
Plataforma de computação da Autodesk,Autodesk Compute Platform
plataforma de marketing para os parceiros da Autodesk,Autodesk Partner Marketing Platform
Plataforma de nuvem generativa,Generative Cloud Platform
PLM,PLM
plug-in,plug-in
podcast,podcast
política,policy
Política de Assuntos Governamentais,Government Affairs Policy
política de atualização,upgrade policy
Política de atualização de versão,Upgrade Version Policy
política de devolução,return policy
Política de Mídia Social,Social Media Policy
política de reembolso,refund policy
Políticas e formulários,Policies & Forms
ponto de âncora,anchor point
ponto de entrada/saída,ingress/egress point
pontocom,dotcom
Pontos de comprovação,Proof Points
portabilidade de dados,data portability
Portfólio da Autodesk,Autodesk Portfolio
Portfólio do estudante,Student Portfolio
pós-moldagem,post-molding
post do fórum,forum post
PowerInspect,PowerInspect
PowerMill,PowerMill
PowerShape,PowerShape
práticas recomendadas,best practice
Prazo extensível,Term Extendable
Prazo limitado,Term Non-Extendable
preço da migração,price to switch
preço de atualização,upgrade pricing
preço sugerido de venda do fabricante,manufacturer suggested retail price
pré-construção,preconstruction
preços com desconto garantidos,secure discounted pricing
preencher,populate
Preenchimento automático,auto-fulfilment
presidente e CEO,president and CEO
Prevenção à pirataria,Piracy Prevention
prévia da tecnologia,technology preview
Prezado cliente,Dear Customer
Primeiro envio ao cliente,first customer shipment
Principais benefícios,Key Benefits
Principais recursos,Key Features
principal ponto de venda,key selling point
privacidade,privacy
processador de gráficos,graphics processor
Processador de trabalho no Vault,Vault Job Processor
processador multi-core,multi-core processor
processamento de primeiro plano,foreground processing
processo comercial,business process
processo de atualização única,one-time upgrade process
Product Design & Manufacturing Collection,Product Design & Manufacturing Collection
Product Design Collection,Product Design Collection
produto,deliverable
produto complementar,companion product
produto de consumo,consumer product
produto elegível,eligible product
produto individual,individual product
produto principal,hero product
produto vertical,vertical product
produtos de construção,building product
produtos elegíveis,eligible products
Produtos relacionados,Related Products
Profissionais Certificados Autodesk,Autodesk Certified Professional
profissionais de planejamento,planning professional
profissional de construção,construction professional
Programa Autodesk Certified User,Autodesk Certified User program
programa Autodesk Customer Engagement,Autodesk Customer Engagement Program
programa Autodesk Legacy,Autodesk Legacy Program
programa de atualização e descontinuação da Autodesk,Autodesk Upgrade and Retirement Program
Programa de Compras para Funcionários da Autodesk,Autodesk Employee Purchase Program
Programa de conformidade da Autodesk,Autodesk Compliance Program
Programa de descontinuação de produtos da Autodesk,Autodesk Retirement Program
Programa de especialização em consultoria da Autodesk,Autodesk Consulting Specialization Program
programa de incentivo de canais,Channel Incentive program
Programa de Marketing Alinhado,Aligned Marketing Program
Programa de Parceiro Preferencial da Indústria da Autodesk,Autodesk Preferred Industry Partner
Programa de Parceiros Autodesk,Autodesk Partner Program
Programa de parceiros Consulting System Integrator,consulting system integrator partner
Programa de participação do cliente,Customer Involvement Program
programa de projeto de construção,building design program
programa de software,software program
programa de suporte,support program
Programa de suporte ao desenvolvedor,Developer Support Program
programa global de associação de marcas de canais,global channel co-branding program
programa global de marcas de canais,global channel branding program
programa Instrutor certificado da Autodesk,Autodesk Certified Instructor program
programa Membership Training Provider,Membership Training Provider program
programa NC,NC programming
programa TSR (Terminate-and-Stay-Resident),Terminate and Stay Resident Program
projetista,designer
projetistas industriais,industrial designer
projeto de componentes automotivos,automotive component design
projeto de construções,building design
projeto ecológico,eco design
projeto eletrônico auxiliado por computador,electronic computer-aided design
projeto industrial,industrial design
projeto modular,modular design
projeto orientado a planilha,spreadsheet-driven design
projeto para fabricação e montagem,design for manufacturing and assembly
projeto para montagem fácil,design for assembly
projetos de renovação,revamp projects
Projetos melhores e mais rápidos,Accelerate Better Design
promoção de campo global,global field promotion
Promoções,Promotions
Promoções e campanhas,Promotions & Campaigns
Promoções e ofertas especiais,Promotions & Special Offers
prompt do comando,command prompt
proporção,aspect ratio
proposta de valor,value proposition
propriedade do elemento,element property
propriedade intelectual,intellectual property
Proprietário da equipe,Team Owner
proteção antivírus,virus protection
Proteção contra ameaças,Threat Protection
proteção contra incêndio,fire protection
proteção de dados,data protection
protótipo virtual,virtual prototype
provisão,provision
PSP,PSP
PTV,PTV
Publisher 360,Publisher 360
QAT,QAT
qualidade cinematográfica,cinematic-quality
qualidade do ar interior,indoor air quality
quantificação,quantification
Quero que um Revendedor entre em contato comigo,Have a Reseller Contact Me
RaaS,RaaS
RAM,RAM
RasterDWG,RasterDWG
RCO,RCO
realidade estendida,extended reality
realidade mista,mixed reality
realidade virtual,virtual reality
reativação,reactivation
ReCap,ReCap
ReCap 360,ReCap 360
ReCap 360 Ultimate,ReCap 360 Ultimate
recarregar,reload
reciclagem de terra,land recycling
reclamação,complaint
recomendação de linha base,baseline recommendation
Recomendações de desempenho,Performance Recommendations
recondicionamento,refurbishment
recozimento,annealing
recurso,asset
Recursos,Features
Recursos Básicos,Baseline Features
Recursos do produto,Product Resources
Recursos e benefícios,Features and Benefits
Recursos e demonstrações,Features and Demonstrations
Recursos e especificações,Features and Specifications
Recursos e funções,Features and Functions
Recursos e modelos de associações de marca,Co-branding Assets & Templates
rede de área de armazenamento,Storage Area Network
Referência do arquivo de licença,License File Reference
refinamento da malha,mesh refinement
reforma,renovation
regapp,regapp
região de máscara,masking region
Registrar o produto,Register Your Product
registro de decisão de arquitetura,architectural decision record
registro de negócios,business record
Registro de pedidos da Autodesk,Autodesk Order Entry
relacionamento comercial,business relationship
Relações com a comunidade,Community Relations
Relações com investidores,Investor Relations
Relações públicas,Public Relations
relatório,report
relatório de cobertura,coverage report
relatório de referência,benchmark report
relatório de renovação,renewal report
relatório de uso,usage report
relatório financeiro,financial report
relaxamento da tensão,stress relaxation
Rendering in A360,Rendering in A360
renderização,rendering
renderização com realismo quase fotográfico,near-photorealistic rendering
renovação,renewal
renovação manual,manual renewal
renovação tardia,late renewal
renovar,renew
renúncia,waiver
representação com limites,boundary representation
Representante de Vendas Autodesk,Autodesk sales representative
representante do Atendimento ao Cliente da Autodesk,Autodesk Customer Service representative
representante do governo,government official
requisito de qualificação,eligibility requirement
requisitos de segurança não negociáveis,security non-negotiables
requisitos de software,software requirements
Requisitos do sistema,System requirements
resolução,resolution
resposta,response
restrição de ângulo,angle constraint
Resumo de Produtos,Product Summary
Retornar à página Consulta de pedido,Return to the Order Lookup Page
retorno,payback
retorno sobre o investimento,return on investment
revendedor,reseller
revendedor Autodesk,Autodesk reseller
Revendedor Autodesk Bronze,Autodesk Bronze reseller
revendedor autorizado,authorized reseller
Revendedor Autorizado Autodesk,Autodesk authorized reseller
Revendedor Autorizado de Produtos Educacionais,Education reseller
revendedor de registro,reseller of record
Revendedor de Valor Agregado Acadêmico Autodesk,Autodesk Academic Value Added Reseller
Revendedor de Valor Agregado Autodesk,Autodesk Value Added Reseller
Revendedor de valor agregado direto,Direct Value Added Reseller
Revendedor de valor agregado indireto,indirect value added reseller
revendedor não contratado,non-contracted reseller
Revisão do modelo,Model Review
revista da construção da Autodesk,Autodesk Construction Magazine
Revista Digital Autodesk,Autodesk Digital Magazine
Revit,Revit
Revit Collaboration Suite,Revit Collaboration Suite
Revit LT,Revit LT
RFID,RFID
Rilsan Invent Natural,Rilsan Invent Natural
ROI,ROI
rotina,routine
saída,outlet
Sales Enablement Programs & Technology,Sales Enablement Programs & Technology
SAM,SAM
SAN,SAN
SBT,SBT
SC,SC
screencast,screencast
SDF,SDF
SDK,SDK
Secure Sockets Layer,Secure Sockets Layer
seleção de face traseira,backface cull
semana de trabalho,workweek
SEPT,SEPT
sequência em cascata,cascading sequence
Service Pack,Service Pack
Serviço de integridade do Fusion,Fusion Health Service
Serviço de JavaScript do Fusion,Fusion JavaScript Service
Serviço de notificação do Fusion,Fusion Notification Service
serviço de portagem VBA,VBA porting service
Serviço de teste on-line da Autodesk,Autodesk Online Testing Service
Serviço de veiculação de conteúdo da Autodesk,Autodesk Content Syndication Service
Serviço do painel de integridade,Health Dashboard Service
Serviço Expresso,Express Service
Serviços de adoção de engenharia por encomenda e gestão de mudanças,Engineer-to-Order Adoption and Change Management Services
serviços de engenharia por encomenda da Autodesk,Autodesk Engineer-to-Order Services
Serviços de estratégia de engenharia por encomenda,Engineer-to-Order Strategy Services
Serviços de estratégia de gerenciamento de dados e colaboração,Collaboration and Data Management Strategy Services
Serviços de gerenciamento de dados e colaboração da Autodesk,Autodesk Collaboration and Data Management Services
Serviços de gerenciamento de mudanças e adoção de BIM da Autodesk,BIM Adoption and Change Management services
Serviços de implementação de gerenciamento de dados e colaboração,Collaboration and Data Management Implementation Services
Serviços de implementação e integração de engenharia por encomenda,Engineer-to-Order Implementation and Integration Services
Serviços de integração e implementação do BIM,BIM Implementation and Integration Services
Serviços de processos e normas do BIM,BIM Standards and Processes services
Serviços de transformação BIM da Autodesk,Autodesk BIM Transformation Services
Serviços e produtos de parceiros,Partner Products and Services
Serviços e suporte da Autodesk,Autodesk Services and Support
serviços em nuvem,cloud services
Serviços estratégicos do BIM,BIM Strategy services
Serviços profissionais,Professional Services
servidor de horário na Internet,Internet time server
servidor de licença de rede,network license server
servidor de licença Linux,Linux license server
servidor de licença redundante,redundant license server
servidor de licenças distribuído,distributed license server
servidor proxy,proxy server
seta do painel,panel arrow
setor de boot,boot sector
setor de petróleo e gás,oil & gas industry
Setores,Industries
Shader Model,Shader Model
shell seguro,secure shell
Shotgun,Shotgun
Siga a Autodesk,Follow Autodesk
silo de dados,data silo
símbolo de GD&T,GD&T symbol
símbolo de registro,ticker symbol
símbolo de tolerância e cotas geométricas,geometric dimensioning and tolerancing symbol
símbolo isométrico,isometric symbol
Simulation CFD 3D Viewer,Simulation CFD 3D Viewer
Simulation CFD Viewer,Simulation CFD Viewer
Simulation Compute Manager,Simulation Compute Manager
Simulation Job Manager,Simulation Job Manager
sinalização,signage
Sintonizador de desempenho,Performance Tuner
sistema componente-entidade,entity-component system
Sistema de avaliação on-line ATC,ATC Online Evaluation System
Sistema de classificação de construção ecológica Leadership in Energy and Environmental Design,Leadership in Energy and Environmental Design Green Building Rating System
sistema de controle distribuído,distributed control system
sistema de gerenciamento de banco de dados relacional,relational database management system
sistema de gerenciamento de falta de energia,outage management system
Sistema de gerenciamento de incentivos de vendas da Autodesk,Autodesk Sales Incentive Management System
sistema de gestão ambiental,environmental management system
sistema de informações geográficas,geographical information system
sistema de saúde,health care system
sistema elétrico,utility grid
Site de dispositivos móveis,Mobile Site
SKU,SKU
SLA,SLA
SLM,SLM
slogan,tagline
SMS,SMS
snap,snap
snap do objeto,object snap
Softlock License Manager,Softlock License Manager
software,software
software Autodesk,Autodesk software
software com assinatura,subscription software
software como serviço,software as a service
software de imagens,imaging software
software de uso doméstico,Home Use software
software de virtualização,virtualization software
software gratuito para estudantes,free student software
software na caixa,boxed software
solicitação de alteração de contrato,request for change order
Solicitação de relatório de licença,License Report Request
solicitação de subsídios,fund request
solicitação de suporte,support request
Solicitar demonstração de produto,Request Product Demo
Solicitar uma cotação,Request a quote
SolidWorks,SolidWorks
solução completa,turnkey solution
solução de problemas,troubleshooting
solução de problemas de instalação,installation troubleshooting
Solução de Prototipagem Digital Autodesk,Autodesk solution for Digital Prototyping
solução de Prototipagem Digital da Autodesk,Autodesk Digital Prototyping solution
Solução para criação de entretenimento digital Autodesk,Autodesk Digital Entertainment Creation solution
solução vertical,vertical solution
solucionador,solver
solucionador de restrições variacionais,variational constraint solver
Soluções de gestão colaborativa de projetos da Autodesk,Autodesk Collaborative Project Management Solutions
Soluções de Infraestrutura da Autodesk,Autodesk Infrastructure Solutions
sombreador independente de hardware,hardware-agnostic shader
spam,spam
SQL Server Management Studio,SQL Server Management Studio
SQLite,SQLite
SRN,SRN
SSD,SSD
STEM,STEM
storyboarding,storyboarding
Student Community,Student Community
Student Engineering & Design Community,Student Engineering & Design Community
suavização de linha,line smoothing
suavização de serrilhado,anti-aliasing
subcontratado,sub-contractor
substituir,overwrite
suíte Autodesk,Autodesk suite
suíte de produtos,product suite
Suítes de projeto e criação da Autodesk,Autodesk Design and Creation Suites
superposição modal,modal superposition
Suporte ao Cliente Autodesk,Autodesk Customer Support
Suporte ao produto,Product Support
suporte contínuo,ongoing support
Suporte e aprendizado,Support & learning
suporte inicial,start-up support
suporte personalizado,one-to-one support
Suporte por incidente da Autodesk,Autodesk Per-Incident Support
suporte por telefone,phone support
suporte técnico,tech support
Suporte Up & Ready,Up & Ready Support
sustentabilidade,Sustainability
tabela de estilo de plotagem dependente de cor,color-dependent plot style table
tabela de estilo de plotagem designada,named plot style table
taxa de processamento tardio,late processing fee
taxa de renovação,renewal rate
taxa de transação,transaction fee
taxa de uso,usage rate
taxa de uso variável,variable usage rate
TCO,TCO
temperatura ambiente,ambient temperature
tempo de inatividade da licença,license inactivity timeout
tempo de introdução no mercado,time to market
tempos de resposta,response time
tendências comerciais,Business Trends
Tendências do setor,Industry Trends
tensegridade,tensegrity
termos de licença flexível,flexible license terms
termos de serviço,terms of service
termos de uso,terms of use
termos e condições,terms and conditions
test drive,test drive
Teste de avaliação da Autodesk,Autodesk assessment test
teste de integração,integration test
teste dinâmico de segurança de aplicativos,dynamic application security test
teste estático de segurança de aplicativos,static application security testing
texto chamativo,kicker text
tijolo de espelho,brick soldier course
TinkerBox,TinkerBox
tipo de linha,linetype
token Flex Autodesk,Autodesk flex token
token Token-Flex,Token-Flex token
tolerância de falha de rede,network fault tolerance
tópico do fórum,forum thread
Trackpad mágico,Magic Trackpad
transbordamento de esgoto sanitário,sanitary sewer overflow
transferência de licença on-line,online license transfer
transferir,roll over
Transferir propriedade das licenças,Transfer Ownership of Licenses
transparência,transparency
Treinamento de habilidades profissionais Autodesk Route 66,Autodesk Route 66 Professional Skills Training
treinamento em sala de aula da Autodesk,Autodesk Classroom Training
treinamento em sala virtual da Autodesk,Autodesk Virtual Classroom Training
treinamento individual,self-paced training
Treinamento para certificação Autodesk,Autodesk Certification Training
tremulação,flicker
troca de idioma,language exchange
true color,true color
TrustedDWG,TrustedDWG
TSR,TSR
tubulação,piping
tutoriais em vídeo,training video
tutorial,tutorial
tutorial em vídeo,video tutorial
TV PLM,PLM TV
tweet,tweet
UNC,UNC
unidade de estado sólido,solid-state drive
unidade de nuvem,cloud unit
unidade de processamento gráfico,graphics processing unit
unidade imperial,imperial unit
urbanização de terreno industrial abandonado,brownfield
URL para acesso pessoal,personal access URL
usinagem em alta velocidade,high speed machining
uso da memória,memory usage
uso da versão anterior,use of Previous Version
uso de informações privilegiadas,insider trading
Uso doméstico,Home Use
uso excessivo de assinaturas,subscription overuse
uso não autorizado,unauthorized use
usuário do suporte,support user
usuário independente,stand-alone user
usuário nomeado,named user
usuário raiz,root user
usuário restrito,restricted user
usuário único,single-user
usuários sem licença,non-current user
usuários simultâneos,concurrent users
Utilitário de Licença Portátil,Portable License Utility
utilitário de migração,migration utility
Utilitário de transferência de licenças,License Transfer utility
utilização da licença,license usage
VAD,VAD
validação do projeto,design validation
valor anual de pedidos,annual order value
valor vitalício do cliente,customer lifetime value
vantagens da assinatura,subscription benefits
variante,variant
variável de ambiente,environment variable
Vault,Vault
Vault Basic,Vault Basic
Vault Manager,Vault Manager
Vault Professional,Vault Professional
vendas,sales
Ver opções de preço,See pricing options
verificação de integridade,health check
verificação interdisciplinar,inter-disciplinary check
verificador de vírus,virus scanner
versão anterior,earlier version
versão de 30 dias de avaliação,30-day trial
Versão de avaliação do produto,Product Trial
versão de avaliação pré-lançamento,pre-release trial
versão de varejo,retail version
Versões anteriores,Previous Versions
vice-presidente,vice president
Vice-presidente executivo de vendas e serviços,Executive Vice President of Sales and Services
vida útil,lifetime
vídeo de demonstração,demo video
Vídeos de treinamento de mídia e entretenimento,Media & Entertainment Training Videos
ViewCube,ViewCube
viewport do layout,layout viewport
vinheta demo,demo vignette
violação,violation
Visão geral da linha de serviço,Service line overview
visão geral do produto,product overview
Visão geral interativa,Interactive Overview
visualização de projetos,design visualization
visualização rápida,quick view
VRED,VRED
VRED Design,VRED Design
VRED Presenter,VRED Presenter
VRED Professional,VRED Professional
VRED Server,VRED Server
vulnerabilidade,vulnerability
webcast,webcast
webinar,webinar
white paper,white paper
Windows Store,Windows Store
Workshop de Sustentabilidade,Sustainability Workshop
Workshop Digital STEAM da Autodesk,Autodesk Digital STEAM Workshop
Workshop para Exploração da Engenharia,Engineering Exploration Workshop